{
    "metadata": {
        "name": "69shu",
        "author": "ngatngay",
        "version": 4,
        "source": "https://www.69shuba.com",
        "regexp": "(www\\.)?69(shu|shuba|xinshu|yuedu)\\.(.*?)/(book|b)/.*?\\.(htm|html)",
        "description": "69shu.com",
        "locale": "zh_CN",
        "type": "chinese_novel",
        "encrypt": true,
        "is_free": true
    },
    "script": {
        "home": "home.js",
        "detail": "detail.js",
        "toc": "toc.js",
        "chap": "chap.js",
        "genre": "genre.js",
        "search": "search.js"
    }
}
