{
    "metadata": {
        "name": "baozimh",
        "author": "Vitbupdk",
        "version": 1,
        "source": "https://www.baozimh.com",
        "regexp": "(www.|cn.)?baozimh.com/comic/(.*?)",
        "description": "",
        "locale": "zh_CN",
        "language": "javascript",
        "type": "comic",
        "encrypt": true,
        "is_free": true
    },
    "script": {
        "home": "home.js",
        "detail": "detail.js",
        "toc": "toc.js",
        "search": "search.js",
        "chap": "chap.js"
    }
}