{
    "metadata": {
        "name": "nhentai",
        "author": "Vitbupdk",
        "version": 1,
        "source": "https://nhentai.net",
        "regexp": "(www.)?nhentai.net/g/\\d+/?$",
        "description": "nhentai.net",
        "locale": "en_US",
        "language": "javascript",
        "type": "comic",
        "tag": "nsfw",
        "encrypt": true,
        "is_free": true
    },
    "script": {
        "home": "home.js",
        "detail": "detail.js",
        "search": "search.js",
        "toc": "toc.js",
        "chap": "chap.js"
    }
}
