{
    "metadata": {
        "name": "Sáng Tác Việt",
        "author": "Vitbupdk",
        "version": 1,
        "source": "https://sangtacviet.app",
        "regexp": "(www.)?(sangtacviet).[a-z]+/truyen/[a-zA-Z0-9/-]+$",
        "description": "Liên Hệ để mua HTTP SEVER",
        "locale": "zh_CN",
        "language": "javascript",
        "type": "chinese_novel",
        "is_free": true
    },
    "script": {
        "home": "home.js",
        "genre": "genre.js",
        "search": "search.js",
        "detail": "detail.js",
        "toc": "toc.js",
        "chap": "chap.js"
    }
}